player_nickname,player_id,session_start_at,session_end_at,buy_in,buy_out,stack,net
"Rosstafarian",VkxrnlN8ED,2023-10-25T00:58:33.483Z,2023-10-25T01:16:22.603Z,1000,2881,0,1881
"noah",zdVhbI3D5i,2023-10-25T00:57:09.248Z,,1000,,490,-510
"Oliver Worth",ixczFe0CIj,2023-10-25T00:10:12.050Z,2023-10-25T01:16:15.593Z,2000,2057,0,57
"ODgoofyahhh",kBka-EGRbK,2023-10-24T23:44:11.037Z,,1000,,1021,21
"lukas",4nAyqTCfqI,2023-10-24T23:39:11.669Z,2023-10-25T00:31:30.215Z,1000,0,0,-1000
"ODgoofyahhh",kBka-EGRbK,2023-10-24T23:33:04.050Z,2023-10-24T23:43:44.991Z,1000,0,0,-1000
"ODgoofyahhh",kBka-EGRbK,2023-10-24T23:27:16.670Z,2023-10-24T23:32:22.237Z,1000,0,0,-1000
"ODgoofyahhh",kBka-EGRbK,2023-10-24T23:22:43.817Z,2023-10-24T23:26:33.299Z,1000,0,0,-1000
"lukas",4nAyqTCfqI,2023-10-24T23:22:43.815Z,2023-10-24T23:38:03.935Z,1000,0,0,-1000
"Koong",b2-iRk-0FL,2023-10-24T23:22:43.812Z,2023-10-25T01:15:40.488Z,2000,0,0,-2000
"ODgoofyahhh",kBka-EGRbK,2023-10-24T23:17:15.847Z,2023-10-24T23:22:22.387Z,1000,0,0,-1000
"chong",Z9Ptp2nZKV,2023-10-24T23:16:25.382Z,,1000,,3058,2058
"cito",ug0-CrzeER,2023-10-24T23:16:25.384Z,,1000,,3214,2214
"Koong",b2-iRk-0FL,2023-10-24T23:16:25.378Z,2023-10-24T23:21:08.835Z,1000,0,0,-1000
"Chun",-6-yYmPWx-,2023-10-24T23:16:25.380Z,,1000,,4279,3279
